url,state,price

https://www.casamundo.com/rental/offer/22fbfc95b7d7dcce,Florida - Holmes Beach,€232
https://www.casamundo.com/rental/offer/2fc0db5ad5371d45,Florida - Holmes Beach,€232
https://www.casamundo.com/rental/offer/0c7b3eb5019485da,Florida - Holmes Beach,€232
https://www.casamundo.com/rental/offer/8cb0c9cc6fc93fda,Florida - Holmes Beach,€232
https://www.casamundo.com/rental/offer/40424f2e1c5bfb28,Florida - Holmes Beach,€232
https://www.casamundo.com/rental/offer/4faedc81ed22a1e3,Florida - Holmes Beach,€232
https://www.casamundo.com/rental/offer/758fb9b1389cfe36,Florida - Holmes Beach,€232
https://www.casamundo.com/rental/offer/61ec464022ce5b53,Florida - Holmes Beach,€170
https://www.casamundo.com/rental/offer/b7a9fbfbdc7a912a,Florida - Holmes Beach,€170
https://www.casamundo.com/rental/offer/ebe70a0385c2d334,Florida - Holmes Beach,€148
https://www.casamundo.com/rental/offer/8a2a694e255c2c08,Florida - Holmes Beach,€148
https://www.casamundo.com/rental/offer/f6970c55300b6265,Florida - Holmes Beach,€148
https://www.casamundo.com/rental/offer/70a59f2a6fde8a9d,Florida - Holmes Beach,€259
https://www.casamundo.com/rental/offer/14f3a06c75d9aa26,Florida - Holmes Beach,€259
https://www.casamundo.com/rental/offer/4e9ae7a21087f354,Florida - Holmes Beach,€259
https://www.casamundo.com/rental/offer/9d6cd94441a1e350,Florida - Holmes Beach,€341
https://www.casamundo.com/rental/offer/46b3dcd7049ff130,Florida - Holmes Beach,€249
https://www.casamundo.com/rental/offer/a18baf927a418cff,Florida - Holmes Beach,€249
https://www.casamundo.com/rental/offer/8c54760279a94e3b,Florida - Holmes Beach,€249
https://www.casamundo.com/rental/offer/5ad4e4dff0bb7431,Florida - Holmes Beach,€249
https://www.casamundo.com/rental/offer/51b621298252825c,Florida - Holmes Beach,€154
https://www.casamundo.com/rental/offer/09ac8c7d653153cb,Florida - Holmes Beach,€154
https://www.casamundo.com/rental/offer/864247b146939e15,Florida - Holmes Beach,€154
https://www.casamundo.com/rental/offer/31cb7c21f778eb8e,Florida - Holmes Beach,€154
https://www.casamundo.com/rental/offer/420f8cb6efa8bb30,Florida - Holmes Beach,€354
https://www.casamundo.com/rental/offer/6d949896013b2d97,Florida - Holmes Beach,€354
https://www.casamundo.com/rental/offer/3ac21e8ff23aa686,Florida - Holmes Beach,€249
https://www.casamundo.com/rental/offer/2c54bedf6440ffb4,Florida - Holmes Beach,€211
https://www.casamundo.com/rental/offer/7abbc840cbe61c2d,Florida - Holmes Beach,€193
https://www.casamundo.com/rental/offer/eb831d642a13a890,Florida - Holmes Beach,€154
https://www.casamundo.com/rental/offer/13b7f7d2239def3f,Florida - Holmes Beach,€154
https://www.casamundo.com/rental/offer/71d49c25f64cf61e,Florida - Holmes Beach,€154
https://www.casamundo.com/rental/offer/4cf2c0c4e5687fca,Florida - Holmes Beach,€154
https://www.casamundo.com/rental/offer/03c294643a16ad49,Florida - Holmes Beach,€254
https://www.casamundo.com/rental/offer/358e3184bd577fe6,Florida - Holmes Beach,€216
https://www.casamundo.com/rental/offer/94d869c4610e47c7,Florida - Holmes Beach,€109
https://www.casamundo.com/rental/offer/27e4a9cab460eede,Florida - Holmes Beach,€109
https://www.casamundo.com/rental/offer/c55069468043157d,Florida - Holmes Beach,€109
https://www.casamundo.com/rental/offer/16e1ee6a3ed93603,Florida - Holmes Beach,€109
https://www.casamundo.com/rental/offer/fa83443b4cbf8775,Florida - Holmes Beach,€109
https://www.casamundo.com/rental/offer/cb59f9378a588885,Florida - Holmes Beach,€109
https://www.casamundo.com/rental/offer/e132a2d39469a211,Florida - Holmes Beach,€109
https://www.casamundo.com/rental/offer/2c58bd0eb0c0393c,Florida - Holmes Beach,€267
https://www.casamundo.com/rental/offer/e33a729f52a5b522,Florida - Holmes Beach,€267
https://www.casamundo.com/rental/offer/cdbab90e128b13ee,Florida - Holmes Beach,€267
https://www.casamundo.com/rental/offer/1177ec0e3c5c4152,Florida - Holmes Beach,€524
https://www.casamundo.com/rental/offer/03f2082cc533d61e,Florida - Holmes Beach,€524
https://www.casamundo.com/rental/offer/2c34a03f17a10659,Florida - Holmes Beach,€524
https://www.casamundo.com/rental/offer/28514e9885fd49cd,Florida - Holmes Beach,€524
https://www.casamundo.com/rental/offer/11761c4dab5f8c83,Florida - Holmes Beach,€524
https://www.casamundo.com/rental/offer/b84cdf2f4714753c,Florida - Holmes Beach,€524
https://www.casamundo.com/rental/offer/66c4c7a1984a4eb0,Florida - Holmes Beach,€267
https://www.casamundo.com/rental/offer/29d4acceb7109fbf,Florida - Holmes Beach,€266
https://www.casamundo.com/rental/offer/584faae9ec7c8105,Florida - Holmes Beach,€153
https://www.casamundo.com/rental/offer/0bc91dbfe1452a82,Florida - Holmes Beach,€153
https://www.casamundo.com/rental/offer/463d290e82ddbf3f,Florida - Holmes Beach,€153
https://www.casamundo.com/rental/offer/306d978ee2d7e035,Florida - Holmes Beach,€153
https://www.casamundo.com/rental/offer/35a0a21325517f72,Florida - Holmes Beach,€153
https://www.casamundo.com/rental/offer/0117a86571704a2a,Florida - Holmes Beach,€144
https://www.casamundo.com/rental/offer/00a14de2e0fce083,Florida - Holmes Beach,€219
https://www.casamundo.com/rental/offer/1f2319711ad2501f,Florida - Holmes Beach,€219
https://www.casamundo.com/rental/offer/52c7e8067bb0fc8b,Florida - Holmes Beach,€219
https://www.casamundo.com/rental/offer/c74d0ec1bf5da68c,Florida - Holmes Beach,€219
https://www.casamundo.com/rental/offer/900dee9fec04317e,Florida - Holmes Beach,€204
https://www.casamundo.com/rental/offer/9a59dd17b27e5ac0,Florida - Holmes Beach,€209
https://www.casamundo.com/rental/offer/dc900430dfc98dad,Florida - Holmes Beach,€149
https://www.casamundo.com/rental/offer/0cac00c618286243,Florida - Holmes Beach,€224
https://www.casamundo.com/rental/offer/82a51cbe0f0a7fa7,Florida - Holmes Beach,€405
https://www.casamundo.com/rental/offer/c465e316304431ba,Florida - Holmes Beach,€213
https://www.casamundo.com/rental/offer/f967e2a702dd3f06,Florida - Holmes Beach,€268
https://www.casamundo.com/rental/offer/02494615156d821a,Florida - Holmes Beach,€387
https://www.casamundo.com/rental/offer/5e7bc4fd2f9f68e0,Florida - Holmes Beach,€229
https://www.casamundo.com/rental/offer/1b4431935230e0aad7b5453b79d62dee,Florida - Holmes Beach,€170
https://www.casamundo.com/rental/offer/81784a36d665c48caf878f5a5f9abc8d,Florida - Holmes Beach,€168
https://www.casamundo.com/rental/offer/4be3eb67890616de62bfd601eb133236,Florida - Holmes Beach,€210
https://www.casamundo.com/rental/offer/31c60193d3556857753776f16776a7fc,Florida - Holmes Beach,€115
https://www.casamundo.com/rental/offer/84c1b7c8ce8b1af4270fd85dea69b1d7,Florida - Holmes Beach,€164
https://www.casamundo.com/rental/offer/79f9311066643f8e0e8e89706547ef5b,Florida - Holmes Beach,€121
https://www.casamundo.com/rental/offer/f4614fbc2382005a2c4a10b7d78dca62,Florida - Holmes Beach,€259
https://www.casamundo.com/rental/offer/7675977dc2699536c47ca8e657084aac,Florida - Holmes Beach,€144
https://www.casamundo.com/rental/offer/27581285d87796b483f47e7c3b2431fd,Florida - Holmes Beach,€144
https://www.casamundo.com/rental/offer/40af53863aba317ec15485fa099bcf84,Florida - Holmes Beach,€158
https://www.casamundo.com/rental/offer/628f0e86d6b4065b8af23a6b997ce580,Florida - Holmes Beach,€161
https://www.casamundo.com/rental/offer/eadb261eb8e1b4d36d301549da2e7207,Florida - Holmes Beach,€210
https://www.casamundo.com/rental/offer/5f99bee21c3b7c3692ec609800b83d00,Florida - Holmes Beach,€138
https://www.casamundo.com/rental/offer/8552333447e83c206e0a4134fdadc2ab,Florida - Holmes Beach,€105
https://www.casamundo.com/rental/offer/5e5452556dee0d33599afe2b8893545a,Florida - Holmes Beach,€242
https://www.casamundo.com/rental/offer/6394e5d04665bf9007d6f8921f1eff72,Florida - Holmes Beach,€158
https://www.casamundo.com/rental/offer/f09c078b3fc48da240e0f2e37346e720,Florida - Holmes Beach,€176
https://www.casamundo.com/rental/offer/138c8aaf0880a8234dcb5c202adf8078,Florida - Holmes Beach,€173
https://www.casamundo.com/rental/offer/ae6c3ec3d514a506c4e38ad68306274c,Florida - Holmes Beach,€104
https://www.casamundo.com/rental/offer/93df176a77529a609176998b97adce8e,Florida - Holmes Beach,€315
https://www.casamundo.com/rental/offer/f8ef098f071b368a0a760eeca765cd01,Florida - Holmes Beach,€276
https://www.casamundo.com/rental/offer/98f41d5a2b991400a81cace5825e1346,Florida - Holmes Beach,€188
https://www.casamundo.com/rental/offer/cf2c326104fc3bdbdf88e55ff16550e4,Florida - Holmes Beach,€344
https://www.casamundo.com/rental/offer/25f06e1dbd513cec99f397c94a8aa888,Florida - Holmes Beach,€277
https://www.casamundo.com/rental/offer/8fdde00a0d8c6d2e40d9703a3b78d9b2,Florida - Holmes Beach,€276
https://www.casamundo.com/rental/offer/95642436b21f18cd9e7eaa327a0274d3,Florida - Holmes Beach,€277
https://www.casamundo.com/rental/offer/2a81e5eb043ed2a9f5100e09fdeba432,Florida - Holmes Beach,€287
https://www.casamundo.com/rental/offer/1ca391c1a2e66e4709beafcee30250dd,Florida - Holmes Beach,€274
https://www.casamundo.com/rental/offer/69364900c5b9d03435b88465de805858,Florida - Holmes Beach,€369
https://www.casamundo.com/rental/offer/a8f929da3698854e0d4f2a88eb986f51,Florida - Holmes Beach,€523
https://www.casamundo.com/rental/offer/f3bbda9aad8d6061a053e76f0a0f8a62,Florida - Holmes Beach,€214
https://www.casamundo.com/rental/offer/0a8969c69a715710,Florida - Holmes Beach,€284
https://www.casamundo.com/rental/offer/match53e347e3873b1,Florida - Holmes Beach,€239
https://www.casamundo.com/rental/offer/2b7357a4741926e6,Florida - Holmes Beach,€198
https://www.casamundo.com/rental/offer/4b848f39f3e2280a,Florida - Holmes Beach,€156
https://www.casamundo.com/rental/offer/87a0567a22d81a0d,Florida - Holmes Beach,€219
https://www.casamundo.com/rental/offer/d71a02f983461138,Florida - Holmes Beach,€217
https://www.casamundo.com/rental/offer/match53e3506e38b05,Florida - Holmes Beach,€235
https://www.casamundo.com/rental/offer/10ec7bc694a0dd03,Florida - Holmes Beach,€158
https://www.casamundo.com/rental/offer/e64b02b94228da20,Florida - Holmes Beach,€234
https://www.casamundo.com/rental/offer/ae8621e87323b1a2,Florida - Holmes Beach,€162
https://www.casamundo.com/rental/offer/40c39a34dfdd742f,Florida - Holmes Beach,€181
https://www.casamundo.com/rental/offer/bc16b2ef1def5b6d,Florida - Holmes Beach,€295
https://www.casamundo.com/rental/offer/2a3d51cc6ff9b6f5,Florida - Holmes Beach,€175
https://www.casamundo.com/rental/offer/76a760a720e4a57c,Florida - Holmes Beach,€371
https://www.casamundo.com/rental/offer/ecd7620db97c7d78,Florida - Holmes Beach,€158
https://www.casamundo.com/rental/offer/8c93f15a82c45443,Florida - Holmes Beach,€130
https://www.casamundo.com/rental/offer/eed62468829ae787,Florida - Holmes Beach,€130
https://www.casamundo.com/rental/offer/af9250c8588d021a,Florida - Holmes Beach,"€1,287"
https://www.casamundo.com/rental/offer/36e93c82a22eb99b,Florida - Holmes Beach,€328
https://www.casamundo.com/rental/offer/0668594d7ee21422,Florida - Holmes Beach,€231
https://www.casamundo.com/rental/offer/1015eb116bec3222,Florida - Holmes Beach,€231
https://www.casamundo.com/rental/offer/f1572f9cdf5108cc,Florida - Holmes Beach,€231
https://www.casamundo.com/rental/offer/6549ba78e0fac20f,Florida - Holmes Beach,€231
https://www.casamundo.com/rental/offer/a1098f734d6d12f6,Florida - Holmes Beach,€137
https://www.casamundo.com/rental/offer/fe1878b1b6c8cfcd,Florida - Holmes Beach,€344
https://www.casamundo.com/rental/offer/aefc520ee58660c3,Florida - Holmes Beach,€344
https://www.casamundo.com/rental/offer/0ec34929bb3f680a,Florida - Holmes Beach,€344
https://www.casamundo.com/rental/offer/1836648fef1eb1cc,Florida - Holmes Beach,€475
https://www.casamundo.com/rental/offer/90528cb822315881,Florida - Holmes Beach,€475
https://www.casamundo.com/rental/offer/e583ad7169aa8b1c,Florida - Holmes Beach,€309
https://www.casamundo.com/rental/offer/c8aa256048449f64,Florida - Holmes Beach,€309
https://www.casamundo.com/rental/offer/f7e55adc3ad9801d,Florida - Holmes Beach,"€1,658"
https://www.casamundo.com/rental/offer/7bc1f797067d098e,Florida - Holmes Beach,€764
https://www.casamundo.com/rental/offer/2839205e22dd0194,Florida - Holmes Beach,€286
https://www.casamundo.com/rental/offer/8d92791efcfbb61c,Florida - Holmes Beach,€328
https://www.casamundo.com/rental/offer/9426548925bf8ff3,Florida - Holmes Beach,€335
https://www.casamundo.com/rental/offer/491579d10bb1c38e,Florida - Holmes Beach,€335
https://www.casamundo.com/rental/offer/e468aa3e546c0a8a,Florida - Holmes Beach,€335
https://www.casamundo.com/rental/offer/40e4313f738419bc,Florida - Holmes Beach,€166
https://www.casamundo.com/rental/offer/747e4645e0c3de04,Florida - Holmes Beach,€244
https://www.casamundo.com/rental/offer/047cc4e4c1e7aba2,Florida - Holmes Beach,€244
https://www.casamundo.com/rental/offer/8e71c9537b175b26,Florida - Holmes Beach,€244
https://www.casamundo.com/rental/offer/4d50850c3f874e01,Florida - Holmes Beach,€244
https://www.casamundo.com/rental/offer/d36e1f9c52139619,Florida - Holmes Beach,€244
https://www.casamundo.com/rental/offer/e0f70c80fc49009c,Florida - Holmes Beach,€220
https://www.casamundo.com/rental/offer/89adc8625fdb1e9f,Florida - Holmes Beach,"€1,777"
https://www.casamundo.com/rental/offer/f5ee7c2c15e6916b,Florida - Holmes Beach,"€1,777"
https://www.casamundo.com/rental/offer/b47f85385cc8f5d5,Florida - Holmes Beach,"€1,017"
https://www.casamundo.com/rental/offer/db4254a2e708541a,Florida - Holmes Beach,€263
https://www.casamundo.com/rental/offer/b4f0d9eff72957ee,Florida - Holmes Beach,€175
https://www.casamundo.com/rental/offer/d84e14bc17da6d4b,Florida - Holmes Beach,€236
https://www.casamundo.com/rental/offer/abbd9430ea315e24,Florida - Holmes Beach,€505
https://www.casamundo.com/rental/offer/3fb3407fb57b7495,Florida - Holmes Beach,€733
https://www.casamundo.com/rental/offer/9b34de7fc6259928,Florida - Holmes Beach,€394
https://www.casamundo.com/rental/offer/ce2adbdddf8fb94e,Florida - Holmes Beach,€327
https://www.casamundo.com/rental/offer/3dc0f0b6519b073e,Florida - Holmes Beach,€648
https://www.casamundo.com/rental/offer/95e90541fd06c2a3,Florida - Holmes Beach,€779
https://www.casamundo.com/rental/offer/67fb9ca7cd40ff3a,Florida - Holmes Beach,€779
https://www.casamundo.com/rental/offer/0cc4e11a5d52b9f0,Florida - Holmes Beach,€291
https://www.casamundo.com/rental/offer/8ac08df4ddf8ed25,Florida - Holmes Beach,€252
https://www.casamundo.com/rental/offer/82d3709d4ae3502a,Florida - Holmes Beach,€263
https://www.casamundo.com/rental/offer/0ce1974676b65be4,Florida - Holmes Beach,€263
https://www.casamundo.com/rental/offer/2ab02f93dc2d5d85,Florida - Holmes Beach,€651
https://www.casamundo.com/rental/offer/bf57470b4794a2e7,Florida - Holmes Beach,€264
https://www.casamundo.com/rental/offer/48e68fd0a5ac85ee,Florida - Holmes Beach,€146
https://www.casamundo.com/rental/offer/62a740d3eab41744,Florida - Holmes Beach,€317
https://www.casamundo.com/rental/offer/18ba8c648babdbc9,Florida - Holmes Beach,€384
https://www.casamundo.com/rental/offer/c8cbadc36c9107a5,Florida - Holmes Beach,€147
https://www.casamundo.com/rental/offer/74725d260686aa9a,Florida - Holmes Beach,€283
https://www.casamundo.com/rental/offer/d69075ad72927e3b,Florida - Holmes Beach,€283
https://www.casamundo.com/rental/offer/6df67e8a8330fb3c,Florida - Holmes Beach,€286
https://www.casamundo.com/rental/offer/12dd3b326d499386,Florida - Holmes Beach,€286
https://www.casamundo.com/rental/offer/546bc8cc33eb6bc0,Florida - Holmes Beach,"€2,030"
https://www.casamundo.com/rental/offer/e0aaf715b651bb93,Florida - Holmes Beach,€347
https://www.casamundo.com/rental/offer/ae89f0d8233dee56,Florida - Holmes Beach,€347
https://www.casamundo.com/rental/offer/93ae80a168f65b50,Florida - Holmes Beach,€347
https://www.casamundo.com/rental/offer/fc5e9be317f9b861,Florida - Holmes Beach,€599
https://www.casamundo.com/rental/offer/b03ecc29a766b15a,Florida - Holmes Beach,€302
https://www.casamundo.com/rental/offer/f31bbb87afd0098f,Florida - Holmes Beach,€145
https://www.casamundo.com/rental/offer/7fb9b25a900df893,Florida - Holmes Beach,€145
https://www.casamundo.com/rental/offer/386d8e30d83d54d1,Florida - Holmes Beach,€145
https://www.casamundo.com/rental/offer/b577c21ba18405b5,Florida - Holmes Beach,€317
https://www.casamundo.com/rental/offer/acc5c2efb9e5388c,Florida - Holmes Beach,€314
https://www.casamundo.com/rental/offer/367321ca3eddd113,Florida - Holmes Beach,€184
https://www.casamundo.com/rental/offer/1a065353c74038ae,Florida - Holmes Beach,€338
https://www.casamundo.com/rental/offer/55d781ee53932983,Florida - Holmes Beach,€296
https://www.casamundo.com/rental/offer/0bd95dbbfe649a59,Florida - Holmes Beach,€296
https://www.casamundo.com/rental/offer/1c622aded61be92a,Florida - Holmes Beach,€303
https://www.casamundo.com/rental/offer/09f089f81d57fa60,Florida - Holmes Beach,€168
https://www.casamundo.com/rental/offer/a36aaf9e9dfc9cd7,Florida - Holmes Beach,€288
https://www.casamundo.com/rental/offer/975f4530ecce4ddc,Florida - Holmes Beach,€288
https://www.casamundo.com/rental/offer/86eabf9f80d543e4,Florida - Holmes Beach,€666
https://www.casamundo.com/rental/offer/36facca3f9287a5d,Florida - Holmes Beach,€359
https://www.casamundo.com/rental/offer/b92bf5678f12c737,Florida - Holmes Beach,€167
https://www.casamundo.com/rental/offer/17cc56db0a0e5dfd,Florida - Holmes Beach,€167
https://www.casamundo.com/rental/offer/ef82df00e05d4097,Florida - Holmes Beach,€167
https://www.casamundo.com/rental/offer/4726bc270fd2e4cc,Florida - Holmes Beach,€167
https://www.casamundo.com/rental/offer/64371c9e22e4b985,Florida - Holmes Beach,€277
https://www.casamundo.com/rental/offer/231d1188a856f0ae,Florida - Holmes Beach,€277
https://www.casamundo.com/rental/offer/050d020370f581e9,Florida - Holmes Beach,€277
https://www.casamundo.com/rental/offer/758edcbb15cd5523,Florida - Holmes Beach,€277
https://www.casamundo.com/rental/offer/8e862f77d4d712de,Florida - Holmes Beach,€209
https://www.casamundo.com/rental/offer/2cdfcbacd528bce1,Florida - Holmes Beach,€209
https://www.casamundo.com/rental/offer/e91886744fccd2ed,Florida - Holmes Beach,€211
https://www.casamundo.com/rental/offer/1ac650cd75e21cfb,Florida - Holmes Beach,€211
https://www.casamundo.com/rental/offer/dd2f5e4157d834e3,Florida - Holmes Beach,€335
https://www.casamundo.com/rental/offer/459392caabdd2e33,Florida - Holmes Beach,€335
https://www.casamundo.com/rental/offer/3b84a8615605393d,Florida - Holmes Beach,€433
https://www.casamundo.com/rental/offer/23c3826b85db4db9,Florida - Holmes Beach,€341
https://www.casamundo.com/rental/offer/413b3825708031e7,Florida - Holmes Beach,€341
https://www.casamundo.com/rental/offer/31a5ea72a04bf017,Florida - Holmes Beach,€236
https://www.casamundo.com/rental/offer/467c673b7cdf21d8,Florida - Holmes Beach,€143
https://www.casamundo.com/rental/offer/4147fd92c6dae462,Florida - Holmes Beach,"€1,079"
https://www.casamundo.com/rental/offer/42112960f8e6b1d4,Florida - Holmes Beach,€166
https://www.casamundo.com/rental/offer/a30dc89a696043d9,Florida - Holmes Beach,€278
https://www.casamundo.com/rental/offer/f79ea7af9974ddb4,Florida - Holmes Beach,€278
https://www.casamundo.com/rental/offer/95444507d92f933d,Florida - Holmes Beach,€745
https://www.casamundo.com/rental/offer/f91b1acbe00ff2b9,Florida - Holmes Beach,€146
https://www.casamundo.com/rental/offer/1c94668d892bf5bb,Florida - Holmes Beach,€516
https://www.casamundo.com/rental/offer/4828c256e2f19e4f,Florida - Holmes Beach,€310
https://www.casamundo.com/rental/offer/ae30f4ea04413fef,Florida - Holmes Beach,€310
https://www.casamundo.com/rental/offer/349b1d0585ad69c6,Florida - Holmes Beach,€310
https://www.casamundo.com/rental/offer/c8da2b109de39f77,Florida - Holmes Beach,€204
https://www.casamundo.com/rental/offer/f9e61635640dff67,Florida - Holmes Beach,€754
https://www.casamundo.com/rental/offer/a0584a35a264f294,Florida - Holmes Beach,"€1,366"
https://www.casamundo.com/rental/offer/f5ef318b995311db,Florida - Holmes Beach,€273
https://www.casamundo.com/rental/offer/ad6212760ca04f29,Florida - Holmes Beach,€680
https://www.casamundo.com/rental/offer/9af066936abeccf3,Florida - Holmes Beach,€680
https://www.casamundo.com/rental/offer/18cae89d35293334,Florida - Holmes Beach,€156
https://www.casamundo.com/rental/offer/ef66d1d60d2121fa,Florida - Holmes Beach,€156
https://www.casamundo.com/rental/offer/5554decb8d53d7f0,Florida - Holmes Beach,€176
https://www.casamundo.com/rental/offer/3db8caa8fd379a5e,Florida - Holmes Beach,€360
https://www.casamundo.com/rental/offer/c9137d09c2d37e1c,Florida - Holmes Beach,€186
https://www.casamundo.com/rental/offer/1d74296278b40540,Florida - Holmes Beach,€166
https://www.casamundo.com/rental/offer/aa0a30ae6e5b18dc,Florida - Holmes Beach,€211
https://www.casamundo.com/rental/offer/7c2ae7899e092e98,Florida - Holmes Beach,€197
https://www.casamundo.com/rental/offer/f95e5b2109fe471e,Florida - Holmes Beach,€441
https://www.casamundo.com/rental/offer/1f3e6f481a9b98ac,Florida - Holmes Beach,"€1,554"
https://www.casamundo.com/rental/offer/62de8bb424e7097a,Florida - Holmes Beach,"€1,554"
https://www.casamundo.com/rental/offer/0ba6425ca962322a,Florida - Holmes Beach,€395
https://www.casamundo.com/rental/offer/c5859bd260026403,Florida - Holmes Beach,€661
https://www.casamundo.com/rental/offer/051d4467fb8d47ce,Florida - Holmes Beach,€207
https://www.casamundo.com/rental/offer/f990683ccf0057f5,Florida - Holmes Beach,€207
https://www.casamundo.com/rental/offer/fc38f442ce8d266e,Florida - Holmes Beach,€276
https://www.casamundo.com/rental/offer/cd0be052e38c9f3a,Florida - Holmes Beach,€276
https://www.casamundo.com/rental/offer/9931c879eb24ebe0,Florida - Holmes Beach,€409
https://www.casamundo.com/rental/offer/4890693dd2b3fdea,Florida - Holmes Beach,€409
https://www.casamundo.com/rental/offer/ba5bd689631d9841,Florida - Holmes Beach,€335
https://www.casamundo.com/rental/offer/61d6cebb6b7f530c,Florida - Holmes Beach,"€1,106"
https://www.casamundo.com/rental/offer/e7af99ebabc71abd,Florida - Holmes Beach,€383
https://www.casamundo.com/rental/offer/5a3178d198c67ef4,Florida - Holmes Beach,€383
https://www.casamundo.com/rental/offer/f275037797e9ee61,Florida - Holmes Beach,€225
https://www.casamundo.com/rental/offer/a7abaf3013e62038,Florida - Holmes Beach,€225
https://www.casamundo.com/rental/offer/e4e55da3455566f9,Florida - Holmes Beach,€175
https://www.casamundo.com/rental/offer/f5e6b11f060ead8d,Florida - Holmes Beach,€298
https://www.casamundo.com/rental/offer/c64e141b7a1cb68a,Florida - Holmes Beach,€304
https://www.casamundo.com/rental/offer/1d2876598cb3fee5,Florida - Holmes Beach,€250
https://www.casamundo.com/rental/offer/8c1db084127ed7dc,Florida - Holmes Beach,€250
https://www.casamundo.com/rental/offer/45742c613ef098de,Florida - Holmes Beach,€303
https://www.casamundo.com/rental/offer/1dfbccf6992bc5a0,Florida - Holmes Beach,€302
https://www.casamundo.com/rental/offer/match53e34e6210bc0,Florida - Holmes Beach,€158
https://www.casamundo.com/rental/offer/eb1e6ad2c69305bc,Florida - Holmes Beach,€199
https://www.casamundo.com/rental/offer/43989c2ff605d0ba,Florida - Holmes Beach,€217
https://www.casamundo.com/rental/offer/2cbb9a422d75cf12,Florida - Holmes Beach,€200
https://www.casamundo.com/rental/offer/ad8b6a0c807f4e1c,Florida - Holmes Beach,€178
https://www.casamundo.com/rental/offer/174f8ecd04348d68,Florida - Holmes Beach,€232
https://www.casamundo.com/rental/offer/6fd2bab6d69d880d,Florida - Holmes Beach,€273
https://www.casamundo.com/rental/offer/11ce08055eb64099,Florida - Holmes Beach,€197
https://www.casamundo.com/rental/offer/e7752ef12a4f8211,Florida - Holmes Beach,€204
https://www.casamundo.com/rental/offer/match53e34e1fa589e,Florida - Holmes Beach,€235
https://www.casamundo.com/rental/offer/e37dece72a38fb66,Florida - Holmes Beach,€287
https://www.casamundo.com/rental/offer/a0a423a76087db9a,Florida - Holmes Beach,€384
https://www.casamundo.com/rental/offer/cc8c050a7ca953ae,Florida - Holmes Beach,€161
https://www.casamundo.com/rental/offer/21b579ac1813edd2,Florida - Holmes Beach,€286
https://www.casamundo.com/rental/offer/75c8bb3859ccb3a3,Florida - Holmes Beach,€244
https://www.casamundo.com/rental/offer/276dce187b04d6f2,Florida - Holmes Beach,€468
https://www.casamundo.com/rental/offer/9bcfa0ccf9dc2728,Florida - Holmes Beach,€408
https://www.casamundo.com/rental/offer/e994b55e14cb75de,Florida - Holmes Beach,€298
https://www.casamundo.com/rental/offer/7253cc57c6a4a5a7,Florida - Holmes Beach,€255
https://www.casamundo.com/rental/offer/e6fde698ef78815f,Florida - Holmes Beach,€255
https://www.casamundo.com/rental/offer/b6204e0f3e4902b9,Florida - Holmes Beach,€532
https://www.casamundo.com/rental/offer/54913d412717c46b,Florida - Holmes Beach,€433
https://www.casamundo.com/rental/offer/8708833aac05b1a1,Florida - Holmes Beach,€268
https://www.casamundo.com/rental/offer/d2887c0811584e79,Florida - Holmes Beach,€582
https://www.casamundo.com/rental/offer/f1a8589e9ff3a379,Florida - Holmes Beach,€189
https://www.casamundo.com/rental/offer/a18df52517aeaf38,Florida - Holmes Beach,€594
https://www.casamundo.com/rental/offer/467fa3dc2276e5c3,Florida - Holmes Beach,€206
https://www.casamundo.com/rental/offer/z0c3ff9a2f67c6399,Florida - Holmes Beach,€206
https://www.casamundo.com/rental/offer/dada0145c0a30c01,Florida - Holmes Beach,€464
https://www.casamundo.com/rental/offer/9b05de1a385014ba,Florida - Holmes Beach,€246
https://www.casamundo.com/rental/offer/3e6d30b9b65f8a05,Florida - Holmes Beach,€197
https://www.casamundo.com/rental/offer/defa9c183c4c7a44,Florida - Holmes Beach,€295
https://www.casamundo.com/rental/offer/627559ad0752daf7,Florida - Holmes Beach,€270
https://www.casamundo.com/rental/offer/d3a3b8cca1d59841,Florida - Holmes Beach,€523
https://www.casamundo.com/rental/offer/87894b65148face9,Florida - Holmes Beach,€207
https://www.casamundo.com/rental/offer/62f712850f819eac,Florida - Holmes Beach,€401
https://www.casamundo.com/rental/offer/cd8de8a01d40f2c9,Florida - Holmes Beach,€453
https://www.casamundo.com/rental/offer/c2317965311333c0,Florida - Holmes Beach,€554
https://www.casamundo.com/rental/offer/4bbe3007b8a55783d2b0ea015d0719ea,Florida - Holmes Beach,€196
https://www.casamundo.com/rental/offer/20410bf2ef351c1a1b62fc69f5624f1e,Florida - Holmes Beach,€162
https://www.casamundo.com/rental/offer/4e41da82dccadfd2fa6f11df99f63a81,Florida - Holmes Beach,€155
